Image Title  ;  Image Link
63,163 Fire Temple Images, Stock Photos & Vectors | Shutterstock ; https://www.shutterstock.com/image-photo/surakhany-baku-azerbaijan-19-august-260nw-2226753807.jpg ; 
Atashgah Zoroastrianism Fire Temple Photos | Photos of Baku ... ; https://ak-d.tripcdn.com/images/010564224t4z4fnq83FA6_C_551_310.jpg?proc=source%2Ftrip ; 
63,163 Fire Temple Images, Stock Photos & Vectors | Shutterstock ; https://www.shutterstock.com/image-photo/surakhany-baku-azerbaijan-19-august-260nw-2228246329.jpg ; 
Atashgah Zoroastrianism Fire Temple Photos | Photos of Baku ... ; https://youimg1.tripcdn.com/target/0ww5x120008zbu9fn2304_C_551_310.jpg ; 
63,163 Fire Temple Images, Stock Photos & Vectors | Shutterstock ; https://www.shutterstock.com/image-photo/ateshgah-fire-temple-baku-azerbaijan-260nw-2247245467.jpg ; 
Atashgah Zoroastrianism Fire Temple Photos | Photos of Baku ... ; https://dimg04.c-ctrip.com/images/02244120009yrf9xtA45F_C_551_310.jpg ; 
63,163 Fire Temple Images, Stock Photos & Vectors | Shutterstock ; https://www.shutterstock.com/image-photo/ateshgah-fire-temple-baku-azerbaijan-260nw-2247245489.jpg ; 
Eternal Flame Memorial attraction reviews - Eternal Flame Memorial ... ; https://youimg1.tripcdn.com/target/0ww6j12000ae1elzsF4AC.jpg?proc=source%2Ftrip ; 
281 Atashgah Images, Stock Photos & Vectors | Shutterstock ; https://www.shutterstock.com/image-photo/surakhany-baku-azerbaijan-19-august-260nw-2228246125.jpg ; 
The land of fire | Footloose | thenews.com.pk ; https://www.thenews.com.pk/assets/uploads/tns/2023-01-15/1030257_6602976_tns-44_tns.jpg ; 

63,163 Fire Temple Images, Stock Photos & Vectors | Shutterstock ; https://www.shutterstock.com/image-photo/zoroastrian-fire-temple-yazd-260nw-2229912213.jpg ; 
Wyndham Garden Baku | Baku, AZ Hotels ; https://www.wyndhamhotels.com/content/dam/property-images/en-us/gn/az/others/baku/57458/57458_exterior_view_1.jpg?crop=4827:3218;*,*&downsize=720:* ; 
281 Atashgah Images, Stock Photos & Vectors | Shutterstock ; https://www.shutterstock.com/image-photo/surakhany-baku-azerbaijan-19-august-260nw-2228245199.jpg ; 
Wyndham Garden Baku | Baku, AZ Hotels ; https://www.wyndhamhotels.com/content/dam/property-images/en-us/gn/az/others/baku/57458/57458_exterior_view_1.jpg ; 
63,163 Fire Temple Images, Stock Photos & Vectors | Shutterstock ; https://www.shutterstock.com/image-photo/surakhany-baku-azerbaijan-19-august-260nw-2227944955.jpg ; 
Google Maps ; https://lh5.googleusercontent.com/p/AF1QipMKC9TWkUYoVDWi0s7t-n3GL-4cotcr_i2Pxpg5=w600-h321-p-k-no ; 
281 Atashgah Images, Stock Photos & Vectors | Shutterstock ; https://www.shutterstock.com/image-photo/surakhany-baku-azerbaijan-19-august-260nw-2228245671.jpg ; 
All of Religious Sites Religious Sites attractions - TOP 10 great ... ; https://youimg1.tripcdn.com/target/0ww3q12000aexy8kc2C4A.jpg ; 
281 Atashgah Images, Stock Photos & Vectors | Shutterstock ; https://www.shutterstock.com/image-photo/surakhany-baku-azerbaijan-19-august-260nw-2227945159.jpg ; 
Museum of Modern Art attraction reviews - Museum of Modern Art ... ; https://youimg1.tripcdn.com/target/0ww4k12000a9uk8vu81AF.jpg?proc=source%2Ftrip ; 

1,165 Zoroastrian Fire Temple Images, Stock Photos & Vectors ... ; https://www.shutterstock.com/image-photo/surakhany-baku-azerbaijan-19-august-260nw-2227941325.jpg ; 
Dagustu park attraction reviews - Dagustu park tickets - Dagustu ... ; https://youimg1.tripcdn.com/target/0ww4n12000a9snjxg837E.jpg?proc=source%2Ftrip ; 
281 Atashgah Images, Stock Photos & Vectors | Shutterstock ; https://www.shutterstock.com/image-photo/surakhany-baku-azerbaijan-19-august-260nw-2227946819.jpg ; 
Google Maps ; https://lh5.googleusercontent.com/p/AF1QipONzmMjXGR-xFUOddUUg7SYd16d0GcmrP_NxWrb=w600-h321-p-k-no ; 
281 Atashgah Images, Stock Photos & Vectors | Shutterstock ; https://www.shutterstock.com/image-photo/surakhany-baku-azerbaijan-19-august-260nw-2227946711.jpg ; 
Google Maps ; https://lh5.googleusercontent.com/p/AF1QipMXbjfpxs0DOR9yvkg_tACoBlrbWIPygZ4Anis3=w600-h650-p-k-no ; 
1,165 Zoroastrian Fire Temple Images, Stock Photos & Vectors ... ; https://www.shutterstock.com/image-photo/surakhany-baku-azerbaijan-19-august-260nw-2227945529.jpg ; 
Baku Old City attraction reviews - Baku Old City tickets - Baku ... ; https://ak-d.tripcdn.com/images/1i60b3215ddlrmyo56281.jpg?proc=source/trip ; 
509 Ateshgah Images, Stock Photos & Vectors | Shutterstock ; https://www.shutterstock.com/image-photo/ateshgah-former-fire-temple-azerbaijan-260nw-2234729989.jpg ; 
Wyndham Garden Baku | Baku, AZ Hotels ; https://www.wyndhamhotels.com/content/dam/property-images/en-us/gn/az/others/baku/57458/57458_interior_pool_1.jpg?crop=4827:3218;*,*&downsize=720:* ; 

509 Ateshgah Images, Stock Photos & Vectors | Shutterstock ; https://www.shutterstock.com/image-photo/surakhany-baku-azerbaijan-19-august-260nw-2227941469.jpg ; 
The land of fire | Footloose | thenews.com.pk ; https://www.thenews.com.pk/assets/uploads/tns/2023-01-15/1030257_064349_tns.jpg ; 
3,504 Persian Fire Images, Stock Photos & Vectors | Shutterstock ; https://www.shutterstock.com/image-photo/ateshgah-fire-temple-baku-azerbaijan-260nw-2247245477.jpg ; 
Rashid Behbudov State Song Theater attraction reviews - Rashid ... ; https://youimg1.tripcdn.com/target/0ww46120008zz1zmc3174.jpg?proc=source%2Ftrip ; 
1,165 Zoroastrian Fire Temple Images, Stock Photos & Vectors ... ; https://www.shutterstock.com/image-photo/27-dec-2014-art-deco-260nw-2243684651.jpg ; 
Baku Old City attraction reviews - Baku Old City tickets - Baku ... ; https://ak-d.tripcdn.com/images/1i62t3215ddlqzlmaA339.jpg?proc=source/trip ; 
Ateshgah of Baku - Suraxanı, Azerbaijan - Landmark & Historical ... ; https://lookaside.fbsbx.com/lookaside/crawler/media/?media_id=876412607134897 ; 
Blue Moon Lagoon | Trip.com Lijiang Travelogues ; https://ak-d.tripcdn.com/images/1i61r120009mhv6oj757A_R_400_10000_R5_Q90.jpg_.webp?proc=source/trip ; 
Mensen Hotel Baku - Google hotels ; https://lh3.googleusercontent.com/proxy/lcIzbZZy0f-8HlvDTBxm7HXWLhhgwkqo3P2Liq5uT-pqZe7bI9k3d48AxoA_dOuJtilIB6AcwYqqu7XUMiruhWq2ZXaDIfcxnYETfXDD2-zRQlqz-iwSdPebMQh8uDJZjG8VSWEzm9M-vQfkyTpqkrmOuSoqJDw=w624-h720-n-k ; 
Blue Moon Lagoon | Trip.com Lijiang Travelogues ; https://ak-d.tripcdn.com/images/1i61n120009mhu2bm7F14_R_400_10000_R5_Q90.jpg_.webp?proc=source/trip ; 

Google Maps ; https://lh5.googleusercontent.com/p/AF1QipMfEikrkPRdxcJ9Vcim0Hsu-seWnH42O62BrWA5=w600-h321-p-k-no ; 
Azerbaijan 2023 Top Things to Do - Azerbaijan Travel Guides - Top ... ; https://ak-d.tripcdn.com/images/1i66s22349efknl2oC2A4.jpg?proc=source/trip?proc=source/trip ; 
3,504 Persian Fire Images, Stock Photos & Vectors | Shutterstock ; https://www.shutterstock.com/image-photo/ateshgah-fire-temple-baku-azerbaijan-260nw-2247245471.jpg ; 
Blue Moon Lagoon | Trip.com Lijiang Travelogues ; https://ak-d.tripcdn.com/images/1i65m120009mhvo6v7312_R_400_10000_R5_Q90.jpg_.webp?proc=source/trip ; 
Weekend driving in Dubai | Dubai UAE | summer down the road - YouTube ; https://i.ytimg.com/vi/tdnwkSbUFC4/hq720.jpg?sqp=-oaymwEhCK4FEIIDSFryq4qpAxMIARUAAAAAGAElAADIQj0AgKJD&rs=AOn4CLB1zEaDER_T9aT3QcDC02oLSLeYpg ; 
Azerbaijan 2023 Top Things to Do - Azerbaijan Travel Guides - Top ... ; https://ak-d.tripcdn.com/images/0a2053215ddizas347A21.jpg ; 
Diamond Hotel Baku - Google hotels ; https://lh3.googleusercontent.com/proxy/UlLZZToY8XOGSAv6dwrq4GQajYuCpJWvLk1Opuqm9SHnl4OeUVU4Z9pNT-bRM-1TcxgkJ-lzSxcoGzgp67_UQzOq1g1mz7D-O6_wMUIzzf5wPkhatCQYV_ELEYb2XFripDRp8rUFeJY4k1fILJveRqploTzpHQ=w624-h720-n-k ; 
68 Atesgah Images, Stock Photos & Vectors | Shutterstock ; https://www.shutterstock.com/image-photo/surakhany-baku-azerbaijan-19-august-260nw-2228245935.jpg ; 
Mahrizli 2023 Top Things to Do - Mahrizli Travel Guides - Top ... ; https://youimg1.tripcdn.com/target/0ww7012000acjn0jvE35F.jpg ; 
Blue Moon Lagoon | Trip.com Lijiang Travelogues ; https://ak-d.tripcdn.com/images/1i64q120009mhvo6uA995_R_400_10000_R5_Q90.jpg_.webp?proc=source/trip ; 

Azerbaijan 2023 Top Things to Do - Azerbaijan Travel Guides - Top ... ; https://youimg1.tripcdn.com/target/0ww6s12000acnwbhvCA58_C_640_320_R5_Q70.jpg_.webp?proc=source%2Ftrip ; 
1,165 Zoroastrian Fire Temple Images, Stock Photos & Vectors ... ; https://www.shutterstock.com/image-photo/ateshgah-fire-temple-baku-azerbaijan-260nw-2247245479.jpg ; 
FLY INN BAKU-Khazar Updated 2023 Room Price-Reviews & Deals | Trip.com ; https://ak-d.tripcdn.com/images/0204312000957npg18CF5_R_960_660_R5_D.jpg ; 
Azerbaijan 2023 Top Things to Do - Azerbaijan Travel Guides - Top ... ; https://youimg1.tripcdn.com/target/0ww6s12000acnwbhvCA58.jpg?proc=source%2Ftrip ; 
Blue Moon Lagoon | Trip.com Lijiang Travelogues ; https://ak-d.tripcdn.com/images/1i63x120009mhtvuh84D1_R_400_10000_R5_Q90.jpg_.webp?proc=source/trip ; 
2,008 Zoroastrian Symbols Images, Stock Photos & Vectors ... ; https://www.shutterstock.com/image-photo/06-04-2005-persian-symbol-260nw-2247145265.jpg ; 
Azerbaijan 2023 Top Things to Do - Azerbaijan Travel Guides - Top ... ; https://ak-d.tripcdn.com/images/0a24h2224t8oac8yoB97D.jpg ; 
1,165 Zoroastrian Fire Temple Images, Stock Photos & Vectors ... ; https://www.shutterstock.com/image-photo/baku-azerbaijan-may-9-2019-600w-1587021700.jpg ; 
FLY INN BAKU-Khazar Updated 2023 Room Price-Reviews & Deals | Trip.com ; https://ak-d.tripcdn.com/images/0201o12000957ntpl439B_R_960_660_R5_D.jpg ; 
Google Maps ; https://lh5.googleusercontent.com/p/AF1QipM8TBoMYQE9TVGfIQlZHNXlZ2BGS1n8tZGGBFFX=w600-h650-p-k-no ; 

Google Maps ; https://lh5.googleusercontent.com/p/AF1QipM8TBoMYQE9TVGfIQlZHNXlZ2BGS1n8tZGGBFFX=w600-h650-p-k-no ; 
Gurgan 2023 Top Things to Do - Gurgan Travel Guides - Top ... ; https://ak-d.tripcdn.com/images/0350612000941fuggA990_C_196_150_R5_Q70.jpg_.webp ; 
Wyndham Garden Baku | Baku, AZ Hotels ; https://www.wyndhamhotels.com/content/dam/property-images/en-us/gn/az/others/baku/57458/57458_ballroom_2.jpg?crop=4827:3218;*,*&downsize=720:* ; 
Blue Moon Lagoon | Trip.com Lijiang Travelogues ; https://ak-d.tripcdn.com/images/1i61q120009mhvg345790_R_400_10000_R5_Q90.jpg_.webp?proc=source/trip ; 
3,504 Persian Fire Images, Stock Photos & Vectors | Shutterstock ; https://www.shutterstock.com/image-photo/ateshgah-fire-temple-baku-azerbaijan-260nw-2247245493.jpg ; 
Blue Moon Lagoon | Trip.com Lijiang Travelogues ; https://ak-d.tripcdn.com/images/1i612120009mhvqqj3CA2_R_400_10000_R5_Q90.jpg_.webp?proc=source/trip ; 
Azerbaijan 2023 Top Things to Do - Azerbaijan Travel Guides - Top ... ; https://youimg1.tripcdn.com/target/0ww6s12000acnwbhvCA58_D_1180_558.jpg?proc=source%2Ftrip ; 
Masazir 2023 Top Things to Do - Masazir Travel Guides - Top ... ; https://ak-d.tripcdn.com/images/0350i12000942tdzkCFF7_C_196_150_R5_Q70.jpg_.webp ; 
Google Maps ; https://lh5.googleusercontent.com/p/AF1QipOMI8Em9kFwkU9_CoYRX7lxCM1GRvoAtKnPq2eU=w600-h321-p-k-no ; 
Baku Old City attraction reviews - Baku Old City tickets - Baku ... ; https://ak-d.tripcdn.com/images/0105f4215d1rvjl5c9A5E.jpg ; 

FLY INN BAKU-Khazar Updated 2023 Room Price-Reviews & Deals | Trip.com ; https://ak-d.tripcdn.com/images/0206412000957io3j86C5_R_960_660_R5_D.jpg ; 
Baku 2023 Top Things to Do - Baku Travel Guides - Top Recommended ... ; https://youimg1.tripcdn.com/target/0102t120008k4nhir4543_D_760_506.jpg ; 
Mahrizli 2023 Top Things to Do - Mahrizli Travel Guides - Top ... ; https://ak-d.tripcdn.com/images/0ww7012000acjn0jvE35F_C_420_280.jpg ; 
Wyndham Garden Baku | Baku, AZ Hotels ; https://www.wyndhamhotels.com/content/dam/property-images/en-us/gn/az/others/baku/57458/57458_lobby_view_2.jpg?downsize=720:* ; 
Quba 2023 Top Things to Do - Quba Travel Guides - Top Recommended ... ; http://ak-d.tripcdn.com/target/0224h12000abk4r6901D1.jpg ; 
2023 Baku Can't Miss Attractions Attractions Recommendations – Top ... ; https://youimg1.tripcdn.com/target/0ww5k12000acfwhxnE032.jpg ; 
Naftalan 2023 Top Things to Do - Naftalan Travel Guides - Top ... ; https://ak-d.tripcdn.com/images/0ww2w12000acjhzgc5F08_C_420_280.jpg ; 
509 Ateshgah Images, Stock Photos & Vectors | Shutterstock ; https://www.shutterstock.com/image-photo/ateshgah-baku-history-old-fire-260nw-2242543581.jpg ; 
Saray 2023 Top Things to Do - Saray Travel Guides - Top ... ; https://ak-d.tripcdn.com/images/0ww2712000a9sayuh04DD_C_420_280.jpg ; 
Google Maps ; https://lh5.googleusercontent.com/p/AF1QipNOmgiB_4xGEzyt3I4WUXYNRYMqgCL5IBQwkQ7v=w600-h321-p-k-no ; 

FLY INN BAKU-Khazar Updated 2023 Room Price-Reviews & Deals | Trip.com ; https://ak-d.tripcdn.com/images/0205o12000957lyy5B93A_R_960_660_R5_D.jpg ; 
National Art Museum of Azerbaijan attraction reviews - National ... ; https://youimg1.tripcdn.com/target/0ww0u12000a9qt17aCBDC.jpg?proc=source%2Ftrip ; 
FLY INN BAKU-Khazar Updated 2023 Room Price-Reviews & Deals | Trip.com ; https://ak-d.tripcdn.com/images/0203312000957n24qEB21_R_960_660_R5_D.jpg ; 
Wyndham Garden Baku | Baku, AZ Hotels ; https://www.wyndhamhotels.com/content/dam/property-images/en-us/gn/az/others/baku/57458/57458_breakfast_area_1.jpg?downsize=720:* ; 
Baku Old City attraction reviews - Baku Old City tickets - Baku ... ; https://ak-d.tripcdn.com/images/1mk5o4224tqz1s90gB474.jpg ; 
The land of fire | Footloose | thenews.com.pk ; https://www.thenews.com.pk/assets/uploads/tns/2023-01-15/1030257_7056801_tns-46_tns.jpg ; 
Open Air Museum attraction reviews - Open Air Museum tickets ... ; https://ak-d.tripcdn.com/images/0101g423498i9igv4D6C6.jpg ; 
Diamond Hotel Baku - Google hotels ; https://lh3.googleusercontent.com/p/AF1QipNf95mnd1MZnhaeUKYmYh_Qjqmt8BMgFFuqJ6Di=w624-h720-n-k ; 
Fuzuli District 2023 Top Things to Do - Fuzuli District Travel ... ; https://ak-d.tripcdn.com/images/0ww5o12000ads986y397B_C_420_280.jpg ; 
Baku 2023 Top Things to Do - Baku Travel Guides - Top Recommended ... ; https://youimg1.tripcdn.com/target/0ww26120008ymadp14DFA_D_760_506.jpg ; 

Flame Towers attraction reviews - Flame Towers tickets - Flame ... ; https://ak-d.tripcdn.com/images/0103n4215d1rt62g02014.jpg ; 
Diamond Hotel Baku - Google hotels ; https://xx.bstatic.com/xdata/w/hotel/840x460_watermarked_standard/Ulab3N9ei1d-umksjt3XwgrQN7Ry7c3onVyENKGgYGbNqEsiY07hfwBiI-pWWPqZlLIYnRIiF5nEtWuQIKm-7d7H3Ua8vRLL9V-lYvBELBvoyn2zXgvn2A.jpg ; 
Workshop Ali Shamsi attraction reviews - Workshop Ali Shamsi ... ; https://ak-d.tripcdn.com/images/0105h4224t556ddpsB921.jpg ; 
Khazar Golden Beach - Google hotels ; https://lh3.googleusercontent.com/proxy/rajp5nXmgxz3t8bpl7Cye9dEWjtuenFo0C-th2J6La_9xn5PdxEs5BSq0BLaXfLtVqLT7LvF-tG5SGCCAd0aGvF7YiW3uquduATEhGRB6gfPFvmhtaHocnUyo5ixpB-oH1RBkG56Kz9JvYZGsZP7iG7gARS1BQ=w200-h260-n-k ; 
Baku Old City attraction reviews - Baku Old City tickets - Baku ... ; https://ak-d.tripcdn.com/images/1i60b3215ddlrmyo56281_C_200_200.jpg?proc=source/trip ; 
Wyndham Garden Baku | Baku, AZ Hotels ; https://www.wyndhamhotels.com/content/dam/property-images/en-us/gn/az/others/baku/57458/57458_vitamin_bar_1.jpg?crop=4821:3214;*,*&downsize=720:* ; 
Baku Old City attraction reviews - Baku Old City tickets - Baku ... ; https://ak-d.tripcdn.com/images/1i62t3215ddlqzlmaA339_C_200_200.jpg?proc=source/trip ; 
Museum of Modern Art attraction reviews - Museum of Modern Art ... ; https://youimg1.tripcdn.com/target/0ww6712000a9ukd1z9B12.jpg?proc=source%2Ftrip ; 
Vahid Monument attraction reviews - Vahid Monument tickets - Vahid ... ; https://ak-d.tripcdn.com/images/1mk1r4215dnlxbsm8A954.jpg ; 
2,008 Zoroastrian Symbols Images, Stock Photos & Vectors ... ; https://www.shutterstock.com/image-photo/06-04-2005-farahvahar-symbol-260nw-2247144819.jpg ; 

